Company,City,Country
The Recruitment Company Pty Ltd,Singapore,SG
The Recruitment Company Pty Ltd,Dublin,IE
The Recruitment Company Pty Ltd,Sydney,AU
Entourage,München,DE
Entourage,Basel,CH
Entourage,Milan,IT
Entourage,Boston,US
TrainTheCrowd,Sydney,AU
Atarix,Sydney,AU
Belloy Geologists,Calgary,CA
Avenue Dental,Austin,US
Tiliter,München,DE
Tiliter,Sydney,AU
Propel Ventures,Cremorne,AU
Quorum Systems,Washington D.C.,US
Moddex Group,McDougalls Hill,AU
Moddex Group,Canning Vale,AU
Moddex Group,Maryborough,AU
Moddex Group,Boronia,AU
Moddex Group,Boronia,AU
Moddex Group,Rangiora,NZ
Cerclos,Auckland,NZ
Cerclos,London,GB
Cerclos,Sao Paulo,BR
Cerclos,Perth,AU
Cerclos,Melbourne,AU
DEWC Services,Mawson Lakes,AU
Sophos,Abingdon,GB
Sophos,Madrid,ES
Sophos,Vancouver,CA
Sophos,Burlington,US
Sophos,Makati,PH
Kaine Mathrick Tech - Cyber-First Managed Services,Hobart,AU
Kaine Mathrick Tech - Cyber-First Managed Services,Port Melbourne,AU
Kaine Mathrick Tech - Cyber-First Managed Services,Brisbane,AU
SEDA College VIC,Hawthorn East,AU
Cordelta,Fyshwick,AU
Sentrian Pty Ltd,Brisbane,AU
Luminary,New York,US
Hub Australia,Melbourne,AU
Hub Australia,East Melbourne,AU
Hub Australia,Adelaide,AU
Hub Australia,Sydney,AU
Hub Australia,Brisbane,AU
Hub Australia,Melbourne,AU
Hub Australia,Sydney,AU
Hub Australia,Sydney,AU
Hub Australia,Melbourne,AU
Hub Australia,Canberra,AU
Hub Australia,Melbourne,AU
Hub Australia,Richmond,AU
Hub Australia,Sydney,AU
Mantel Group,Melbourne,AU
Mantel Group,Sydney,AU
Mantel Group,Brisbane,AU
Mantel Group,Perth,AU
Mantel Group,Auckland,NZ
Mantel Group,Magnetic Island,AU
Mantel Group,Queenstown,NZ
Mantel Group,Hobart,AU
BPAY Group Limited,Sydney,AU
OMD Australia,South Eveleigh,AU
OMD Australia,Melbourne,AU
OMD Australia,Brisbane,AU
OMD Australia,Adelaide,AU
OMD Australia,West Perth,AU
OMD Australia,Hobart,AU
Thoughtworks,Chicago,US
Thoughtworks,Dallas,US
Thoughtworks,Atlanta,US
Thoughtworks,Denver,US
Thoughtworks,New York,US
Thoughtworks,San Francisco,US
Thoughtworks,Toronto,CA
Thoughtworks,Brisbane,AU
Thoughtworks,Melbourne,AU
Thoughtworks,Sydney,AU
Thoughtworks,Belo Horizonte,BR
Thoughtworks,Porto Alegre,BR
Thoughtworks,Recife,BR
Thoughtworks,São Paulo,BR
Thoughtworks,Santiago de Chile,CL
Thoughtworks,Beijing,CN
Thoughtworks,Chengdu,CN
Thoughtworks,Hong Kong,CN
Thoughtworks,Shanghai City,CN
Thoughtworks,Shenzhen,CN
Thoughtworks,Wuhan,CN
Thoughtworks,Xi'an,CN
Thoughtworks,Quito piso 10,EC
Thoughtworks,Helsinki 00101,FI
Thoughtworks,Berlin,DE
Thoughtworks,Cologne,DE
Thoughtworks,Munich,DE
Thoughtworks,Stuttgart,DE
Thoughtworks,Bangalore,IN
Thoughtworks,Bangalore,IN
Thoughtworks,Chennai,IN
Thoughtworks,Coimbarote,IN
Thoughtworks,Gurgaon,IN
Thoughtworks,Hyderbad,IN
Thoughtworks,Mumbai,IN
Thoughtworks,Pune,IN
Thoughtworks,Milan,IT
Thoughtworks,Amsterdam,NL
Thoughtworks,Bucharest,RO
Thoughtworks,Cluj,RO
Thoughtworks,Iași,RO
Thoughtworks,Singapore,SG
Thoughtworks,Barcelona,ES
Thoughtworks,Madrid,ES
Thoughtworks,Bangkok,TH
Thoughtworks,London W1F 0UR,GB
Thoughtworks,Manchester M4 4BF,GB
Canstar Resources,Toronto,CA
InfoTrack US,New York,US
InfoTrack US,Petaluma,US
InfoTrack US,Chicago,US
InfoTrack US,Denver,US
Adobe,San Jose,US
Adobe,Seattle,US
Adobe,Sydney,AU
Adobe,Paris,FR
Adobe,Munich,DE
Adobe,Toronto,CA
Adobe,Bucharest,RO
Adobe,New York,US
Adobe,Lehi,US
Adobe,San Francisco,US
Adobe,Emeryville,US
AbbVie,North Chicago,US
AbbVie,Cambridge,US
AbbVie,Mettawa,US
AbbVie,North Chicago,US
AbbVie,Redwood City,US
AbbVie,Madison,US
AbbVie,Irvine,US
AbbVie,Shanghai,CN
AbbVie,Markham,CA
AbbVie,Seoul,KR
AbbVie,Shibuya-ka,JP
AbbVie,Barreal de Heredia,CR
AbbVie,Madrid,ES
AbbVie,Buenos Aires,AR
AbbVie,Gordon,AU
AbbVie,Wien,AT
AbbVie,Manama,BH
AbbVie,Dhaka,BD
AbbVie,Banani,BD
AbbVie,St. Michael,BB
AbbVie,Diegem,BE
AbbVie,Cochabamba,BO
AbbVie,San Paulo,BR
AbbVie,Guarulhos,BR
AbbVie,Las Condes,CL
AbbVie,Bogota,CO
AbbVie,Prahata,CZ
AbbVie,Santo Domingo,DO
AbbVie,Quito,EC
AbbVie,Cairo,EG
AbbVie,Laycon,SV
AbbVie,Vasby,SE
AbbVie,Frankfurt,DE
AbbVie,Athens,GR
AbbVie,Guatemala City,GT
AbbVie,Tegucigalpa,HN
AbbVie,Taikoo Shing,HK
AbbVie,Budapest,HU
AbbVie,Bangalore,IN
AbbVie,South Jakarta,ID
AbbVie,Dublin,IE
AbbVie,Petach Tikva,IL
AbbVie,Roma,IT
AbbVie,Kingston,JM
AbbVie,Amman,JO
AbbVie,Safat,KW
AbbVie,Beirut,LB
AbbVie,Selangor,MY
AbbVie,"Col. Cruz Manca Santa Fé.,  Del. Cuajimalpa",MX
AbbVie,Breda,NL
AbbVie,Auckland,NZ
AbbVie,Karachi,PK
AbbVie,West Bank,PS
AbbVie,Urbanización Industrial Los Angeles,PA
AbbVie,Santiago De Surco,PE
AbbVie,Lima,PE
AbbVie,Pasig City,PH
AbbVie,Warszawa,PL
AbbVie,Carnaxide,PT
AbbVie,San Juan,PR
AbbVie,Guaynabo,PR
AbbVie,BUCHAREST,RO
AbbVie,Moscow,RU
AbbVie,Jeddah,SA
AbbVie,Beograd,RS
AbbVie,Boon Lay,SG
AbbVie,Bratislava,SK
AbbVie,"Johannesburg,",ZA
AbbVie,Capetown,ZA
AbbVie,Colombo,LK
AbbVie,Stockholm,SE
AbbVie,Zürich,CH
AbbVie,Taipei City,TW
AbbVie,Hsintien,TW
AbbVie,Bangkok,TH
AbbVie,"Bangmaenang, Banyai",TH
AbbVie,Port of Spain,TT
AbbVie,Istanbul,TR
AbbVie,Kiev,UA
AbbVie,Dubai,AE
AbbVie,Marlow,GB
AbbVie,Antrim,GB
AbbVie,Liverpool,GB
AbbVie,Londonderry,GB
AbbVie,Washington D.C.,US
AbbVie,Montevideo,UY
AbbVie,Caracas,VE
AbbVie,Ho Chi Minh City,VN
AbbVie,Sana'a,YE
AbbVie,Mascot,AU
AbbVie,Ludwigshafen,DE
AbbVie,Wiesbaden,DE
AbbVie,Berlin,DE
AbbVie,Copenhagen,DK
AbbVie,London,GB
AbbVie,Brussels,BE
AbbVie,Rungis,FR
AbbVie,Helsinki,FI
Carnival Australia,Chatswood,AU
Novo Nordisk,Bagsværd,DK
Novo Nordisk,Kalundborg,DK
Novo Nordisk,Zurich,CH
Novo Nordisk,Chartres,FR
Novo Nordisk,Malov,DK
Novo Nordisk,Warsaw,PL
Novo Nordisk,Soborg,DK
Novo Nordisk,Plainsboro,US
Novo Nordisk,Bagsvaerd,DK
Novo Nordisk,Bengaluru,IN
Novo Nordisk,Dubai,AE
Novo Nordisk,Las Condes,CL
Novo Nordisk,Hillerod,DK
Novo Nordisk,Sao Paulo,BR
Novo Nordisk,Seattle,US
Novo Nordisk,Indianapolis,US
Novo Nordisk,Fremont,US
Novo Nordisk,Cambridge,US
Medtronic,Minneapolis,US
Medtronic,Tolochenaz,CH
Medtronic,Singapore,SG
Medtronic,Vienna,AT
Medtronic,Heerlen,NL
Medtronic,Madrid,ES
Medtronic,Sao Paulo,BR
Medtronic,Portsmouth,US
Medtronic,Doral,US
Medtronic,Franklin,US
Medtronic,Mounds View,US
Medtronic,Minneapolis,US
General Mills,Minneapolis,US
WorkflowMax by BlueRock,Melbourne,AU
Insight,Chandler,US
Insight,Sheffield,GB
Insight,Raunheim,DE
Insight,Sydney,AU
Insight,Alcobendas,ES
Insight,Stockholm,SE
Insight,Alcobendas,ES
Insight,Auckland Central,NZ
Insight,Singapore,SG
Aussie Broadband,Morwell,AU
Aussie Broadband,Dandenong South,AU
Aussie Broadband,Burswood,AU
H&H Group,Quarry Bay,HK
H&H Group,Guangzhou,CN
H&H Group,Melbourne,AU
H&H Group,Levallois,FR
H&H Group,London,GB
H&H Group,Singapore,SG
H&H Group,Amsterdam,NL
H&H Group,Milan,IT
H&H Group,Ellerslie,NZ
H&H Group,Geneva,CH
H&H Group,Bengaluru,IN
H&H Group,Culver City,US
H&H Group,PATHUMWAN,TH
H&H Group,Dubai,AE
NeuroRehab Allied Health Network / NeuroJunior Allied Health,Albury,AU
NeuroRehab Allied Health Network / NeuroJunior Allied Health,Tullamarine,AU
NeuroRehab Allied Health Network / NeuroJunior Allied Health,Deer Park,AU
NeuroRehab Allied Health Network / NeuroJunior Allied Health,Werribee,AU
NeuroRehab Allied Health Network / NeuroJunior Allied Health,Melton,AU
NeuroRehab Allied Health Network / NeuroJunior Allied Health,Hobart,AU
NeuroRehab Allied Health Network / NeuroJunior Allied Health,North Geelong,AU
NeuroRehab Allied Health Network / NeuroJunior Allied Health,Thomastown,AU
NeuroRehab Allied Health Network / NeuroJunior Allied Health,Doncaster,AU
Macquarie Technology Group,Sydney,AU
Macquarie Technology Group,Melbourne,AU
Macquarie Technology Group,Canberra,AU
Macquarie Technology Group,Brisbane,AU
Macquarie Technology Group,Perth,AU
Coleman Greig Lawyers,Parramatta,AU
Coleman Greig Lawyers,Norwest,AU
Coleman Greig Lawyers,Penrith,AU
Coleman Greig Lawyers,Oran Park,AU
Coleman Greig Lawyers,Sydney,AU
CrowdStrike,Remote,US
4 Pines Brewing Company Pty Ltd,Brookvale,AU
4 Pines Brewing Company Pty Ltd,Sydney,AU
4 Pines Brewing Company Pty Ltd,Brookvale,AU
4 Pines Brewing Company Pty Ltd,Manly,AU
4 Pines Brewing Company Pty Ltd,Manly,AU
4 Pines Brewing Company Pty Ltd,Newport,AU
Cisco,San Jose,US
Cisco,Richardson,US
Cisco,Morrisville,US
Cisco,Budapest,HU
Cisco,Herndon,US
Cisco,Boxborough,US
Cisco,Manchester,GB
Cisco,Cracow,PL
Cisco,Irvine,US
Cisco,Singapore,SG
Cisco,Cuajimalpa de Morelos,MX
Cisco,Alcobendas,ES
Cisco,Lysaker,NO
Cisco,San Jose,US
Cisco,San Francisco,US
Cisco,Sao Paulo,BR
Cisco,Morrisville,US
Cisco,San Jose,US
Cisco,Charlotte,US
Cisco,San Jose,US
Cisco,Franklin,US
Cisco,Ottawa,CA
Cisco,Feltham,GB
Cisco,San Jose,US
Cisco,Kyiv,UA
Cisco,Garching bei Munchen,DE
Cisco,Pittsburgh,US
Cisco,Vancouver,CA
Cisco,Berlin,DE
Cisco,Melbourne,AU
Cisco,Overland Park,US
Cisco,St Petersburg,US
Cisco,Richardson,US
Cisco,Chicago,US
Cisco,Chicago,US
Cisco,Reading,GB
Cisco,Milpitas,US
Cisco,Calgary,CA
Cisco,Wan Chai,HK
Cisco,Issy-les-Moulineaux,FR
Cisco,Vienna,AT
Cisco,San Antonio,US
Cisco,Bloomington,US
Cisco,Stuttgart,DE
DHL,Bonn,DE
DHL,Bratislava,SK
DHL,Bratislava,SK
DHL,Schiphol-Rijk,NL
DHL,Westerville,US
DHL,Bogota,CO
DHL,Venustiano Carranza,MX
DHL,Luchthaven Schiphol,NL
DHL,Pudahuel,CL
Salesforce,San Francisco,US
Salesforce,Staines,CH
Salesforce,Singapore,US
Salesforce,Chiyoda-ku,JP
Salesforce,Munich,DE
Salesforce,London,GB
Salesforce,Melbourne,AU
Salesforce,Sydney,AU
Salesforce,Paris,FR
Salesforce,Chicago,US
Salesforce,Dallas,US
Salesforce,Atlanta,US
Salesforce,Burlington,US
Salesforce,Milan,IT
Salesforce,Berlin,DE
Salesforce,Madrid,ES
Salesforce,Tel Aviv-Yafo,IL
Atlassian,Sydney,AU
Atlassian,Amsterdam,NL
Atlassian,San Francisco,US
Atlassian,Austin,US
Atlassian,Mountain View,US
Atlassian,New York,US
Atlassian,Bengaluru,IN
Atlassian,Boston,US
Atlassian,Ankara,TR
Strategic Sustainability Consulting,Lynchburg,US
This Is Flow,Sydney,AU
LOTUS,London,GB
Stamford Capital Australia,Adelaide,AU
Stamford Capital Australia,Sydney,AU
Stamford Capital Australia,Melbourne,AU
Stamford Capital Australia,Brisbane,AU
Pragma,Washington,GB
Amstelveen,Sydney,AU
Amstelveen,Melbourne,AU
Amstelveen,Sydney,AU
Inspire Advisors & Certified Public Accountants,Aberdeen,US
Inspire Advisors & Certified Public Accountants,Tumwater,US
Inspire Advisors & Certified Public Accountants,Gilbert,US
ICD Property,Melbourne,AU
Four Drunk Parrots,Ballina,AU
Four Drunk Parrots,Darwiin,AU
Seiva Technologies LLC,Milwaukee,US
Pendula,Surry Hills,AU
Pendula,Fortitude Valley,AU
Pendula,Melbourne,AU
CreativeCubes.Co,South Melbourne,AU
CreativeCubes.Co,Carlton,AU
CreativeCubes.Co,Collingwood,AU
CreativeCubes.Co,Hawthorn,AU
CreativeCubes.Co,Richmond,AU
Engaging.io,North Sydney,AU
Howden Insurance Brokers Australia,Sydney,AU
Response Security Services,Sydney,AU
Miro,San Francisco,US
Miro,Amsterdam,NL
Miro,Berlin,DE
Miro,London,GB
Miro,Los Angeles,US
Miro,Austin,US
Miro,New York City,US
Miro,Munich,DE
Miro,Yerevan,AM
Miro,Tokyo,JP
Miro,Paris,FR
Miro,Sydney,AU
Dovetail Genomics,Scotts Valley,US
SixPivot,Adelaide,AU
SixPivot,Newcastle,AU
SixPivot,Melbourne,AU
SixPivot,Perth,AU
SixPivot,Brisbane,AU
AvePoint,Jersey City,US
AvePoint,Chicago,US
AvePoint,Arlington,US
AvePoint,Richmond,US
AvePoint,Addison,US
AvePoint,Greenwood Village,US
AvePoint,Seattle,US
AvePoint,San Jose,US
AvePoint,London,GB
AvePoint,Den Haag,NL
AvePoint,Munich,DE
AvePoint,Issy-Ies-Moulineaux,FR
AvePoint,Stockholm,SE
AvePoint,Zurich,CH
AvePoint,Johannesburg,ZA
AvePoint,Melbourne,AU
AvePoint,Sydney,AU
AvePoint,Beijing,CN
AvePoint,Changchun,CN
AvePoint,Dalian,CN
AvePoint,Shanghai,CN
AvePoint,Toyko,JP
AvePoint,Sin,SG
AvePoint,Makati,PH
AvePoint,Ho Chi Minh,VN
Attach2,Willawong,AU
Attach2,Masterton,NZ
The FSC Group,Cheddar,GB
Kaine Mathrick Tech - Cyber-First Managed Services,Hobart,AU
Kaine Mathrick Tech - Cyber-First Managed Services,Port Melbourne,AU
Kaine Mathrick Tech - Cyber-First Managed Services,Brisbane,AU
Beaumont People,Sydney,AU
Beaumont People,Byron Bay,AU
TKV Group,Hallam,AU
TKV Group,Darra,AU
TKV Group,Harristown,AU
TKV Group,Riverstone,AU
Scalapay,Dublin City,IE
Scalapay,Milan,IT
Scalapay,Wollongong,AU
Scalapay,Paris,FR
Scalapay,Barcelona,ES
Struber,Sydney,AU
Struber,Melbourne,AU
Struber,City,AU
Struber,Fortitude Valley,AU
PhoenixDX,North Sydney,AU
PhoenixDX,Brisbane,AU
PhoenixDX,Melbourne,AU
Bluebird,Amsterdam,NL
Bluebird,Grays Inn,GB
Zoom Recruitment,Keilor Park,AU
Baringa,London,GB
Baringa,Düsseldorf,DE
Baringa,New York,US
Baringa,Sydney,AU
Baringa,Singapore,SG
Baringa,Sofia,BG
Baringa,Brussels,BE
Baringa,Zurich,CH
Baringa,Rotterdam,NL
Baringa,Chicago,US
Baringa,Houston,US
Baringa,Charlotte,US
Baringa,Berlin,DE
Baringa,Dublin,IE
Baringa,Munich,DE
Baringa,Melbourne,AU
Baringa,Madrid,ES
Sensei Project Solutions,Phoenix,US
"ICOMM, Inc.",Forest Park,US
CloudWerx,Santa Clara,US
SafetyCulture,Surry Hills,AU
SafetyCulture,Kansas City,US
SafetyCulture,Manchester,GB
SafetyCulture,Townsville,AU
SafetyCulture,Manila,PH
SafetyCulture,Amsterdam,NL
Robert Half,Menlo Park,US
Robert Half,San Ramon,US
Robert Half,Brussels,BE
Robert Half,London,GB
Robert Half,Sao Paulo,BR
Robert Half,Sydney,AU
Robert Half,Melbourne,AU
Robert Half,São Paulo,BR
Robert Half,San Ramon,US
Robert Half,Courbevoie,FR
Intuit,Mountain View,US
Intuit,Edmonton,CA
Intuit,Singapore,SG
Intuit,San Diego,US
Intuit,Hod HaSharon,IL
Intuit,Woodland Hills,US
Intuit,São Paulo,BR
Intuit,Fredericksburg,US
Intuit,Reno,US
Intuit,Plano,US
Intuit,San Francisco,US
Intuit,Tucson,US
Intuit,Eagle,US
Intuit,Washington,US
Intuit,Sydney,AU
Intuit,Varthur Hobli,IN
Intuit,London,GB
Intuit,Paris,FR
Intuit,Mississauga,CA
DiUS,Auckland,NZ
DiUS,Adelaide,AU
DiUS,Sydney,AU
DiUS,Melbourne,AU
DiUS,Perth,AU
DiUS,Brisbane,AU
Medtronic,Minneapolis,US
Medtronic,Tolochenaz,CH
Medtronic,Singapore,SG
Medtronic,Vienna,AT
Medtronic,Heerlen,NL
Medtronic,Madrid,ES
Medtronic,Sao Paulo,BR
Medtronic,Portsmouth,US
Medtronic,Doral,US
Medtronic,Franklin,US
Medtronic,Mounds View,US
Medtronic,Minneapolis,US
Bristol Myers Squibb,Lawrence Township,US
Bristol Myers Squibb,上海,CN
Bristol Myers Squibb,New York,US
Bristol Myers Squibb,Atlanta,US
Bristol Myers Squibb,Braine-l'Alleud,BE
Bristol Myers Squibb,Munich,DE
Bristol Myers Squibb,Dublin,IE
Bristol Myers Squibb,Pennington,US
Bristol Myers Squibb,Devens,US
Insights,Dundee,GB
Insights,Austin,US
Insights,Vaughan,CA
Insights,Haarlem,NL
Insights,Paris,FR
Insights,Zug,CH
Insights,Brussels,BE
Insights,Berlin,DE
Insights,Lodz,PL
Insights,Sydney,AU
Insights,Singapore,SG
Insights,Madrid,ES
HealthEngine LLC,Chicago,US
HP,Palo Alto,US
HP,Sant Cugat del Valles,ES
HP,Bucharest,RO
HP,Lillerod,DK
HP,Boise,US
HP,Boulogne-Billancourt,FR
HP,Prague,CZ
HP,Singapore,SG
HP,Sofia,BG
Swiss Healthcare Startups,Zurich,CH
Tick Tock,Mornington,AU
Denver Technology,West Leederville,AU
Denver Technology,Milton,AU
Denver Technology,England,GB
Swyftx,Milton,AU
Smokeball - Legal Software,Chicago,US
Smokeball - Legal Software,Sydney,AU
Carlisle Homes,Mulgrave,AU
Ansarada,"The Rocks, Sydney",AU
Ansarada,Chicago,US
Ansarada,London,GB
Ansarada,Ho Chi Minh,VN
Ansarada,Amsterdam,NL
Ansarada,Sandton,ZA
Cisco,San Jose,US
Cisco,Richardson,US
Cisco,Morrisville,US
Cisco,Budapest,HU
Cisco,Herndon,US
Cisco,Boxborough,US
Cisco,Manchester,GB
Cisco,Cracow,PL
Cisco,Irvine,US
Cisco,Singapore,SG
Cisco,Cuajimalpa de Morelos,MX
Cisco,Alcobendas,ES
Cisco,Lysaker,NO
Cisco,San Jose,US
Cisco,San Francisco,US
Cisco,Sao Paulo,BR
Cisco,Morrisville,US
Cisco,San Jose,US
Cisco,Charlotte,US
Cisco,San Jose,US
Cisco,Franklin,US
Cisco,Ottawa,CA
Cisco,Feltham,GB
Cisco,San Jose,US
Cisco,Kyiv,UA
Cisco,Garching bei Munchen,DE
Cisco,Pittsburgh,US
Cisco,Vancouver,CA
Cisco,Berlin,DE
Cisco,Melbourne,AU
Cisco,Overland Park,US
Cisco,St Petersburg,US
Cisco,Richardson,US
Cisco,Chicago,US
Cisco,Chicago,US
Cisco,Reading,GB
Cisco,Milpitas,US
Cisco,Calgary,CA
Cisco,Wan Chai,HK
Cisco,Issy-les-Moulineaux,FR
Cisco,Vienna,AT
Cisco,San Antonio,US
Cisco,Bloomington,US
Cisco,Stuttgart,DE
Hilton,McLean,US
Hilton,Memphis,US
Hilton,Addison,US
Hilton,Watford,GB
Hilton,Singapore,SG
TRC Group,Sydney,AU
Seatram,Perth,AU
The Network,Remote,US
SCALERR,Singapore,SG
SCALERR,Richmond,AU
SCALERR,London,GB
SCALERR,Tokyo,JP
SCALERR,Tel Aviv,IL
Welcome,Remote,US
Tectum Group,Genk,BE
triSearch,Sydney,AU
triSearch,Melbourne,AU
triSearch,Brisbane City,AU
The Drive Group,Mississauga,CA
Sensible,San Francisco,US
Cox Purtell Staffing Services,Sydney,AU
Corporeal Health,NORTHAM,AU
Volvo Financial Services,Greensboro,
i-Pharm Consulting,London,GB
i-Pharm Consulting,Munich,DE
i-Pharm Consulting,Sydney,AU
i-Pharm Consulting,New York,US
i-Pharm Consulting,Charlotte,US
i-Pharm Consulting,Frankfurt HE,DE
i-Pharm Consulting,San Diego,US
Goodman Private Wealth Ltd,Brisbane,AU
IBC Recruitment,sydney,AU
Quorum,Sydney,AU
Quorum,Melbourne,AU
Quorum,Brisbane,AU
Hero HQ,Pakenham,AU
The Migration - Authentic Education & Immigration Consultant for Australia,Harris Park,AU
Spaceful,Montréal,CA
The Media Store,Melbourne,AU
i'ara Specialist Support Coordination,Cannonvale,AU
i'ara Specialist Support Coordination,Cairns,AU
i'ara Specialist Support Coordination,Townsville,AU
i'ara Specialist Support Coordination,Mackay,AU
i'ara Specialist Support Coordination,Atherton,AU
Intellya,Belgrade,RS
Decision Inc. Australia,Sydney,AU
Decision Inc. Australia,Perth,AU
Decision Inc. Australia,Melbourne,AU
Decision Inc. Australia,Wellington,NZ
Decision Inc. Australia,Brisbane,AU
The Being Group,London,GB
The Being Group,Millers Point,AU
Sensei,Santa Monica,US
"Parker Freeze Dry, a division of ProForm Fabrication, LLC",Beresford,US
Quest Software,Aliso Viejo,US
EP3 by Connamara Technologies,Austin,US
EP3 by Connamara Technologies,Chicago,US
Sparro,Haymarket,AU
Henry Schein Australia,Malvern,AU
Henry Schein Australia,Mascot,AU
Henry Schein Australia,Parkville,AU
Henry Schein Australia,Belmont,AU
Henry Schein Australia,Milton,AU
AirTrunk,North Sydney,AU
AirTrunk,Singapore,SG
AirTrunk,Shibuya-ku,JP
AirTrunk,Tokyo East & West,JP
AirTrunk,Hong Kong,HK
AirTrunk,West Melbourne,AU
AirTrunk,Johor Bahru,MY
AirTrunk,Sydney North,AU
AirTrunk,Western Sydney,AU
AirTrunk,Singapore,SG
AirTrunk,Osaka,JP
Qualtrics,Provo,US
Qualtrics,Dublin,IE
Qualtrics,North Sydney,AU
Qualtrics,Seattle,US
Qualtrics,Kraków,PL
Qualtrics,London,GB
Qualtrics,Plano,US
Qualtrics,Washington,US
Qualtrics,Raleigh,US
Qualtrics,Provo,US
Qualtrics,Seattle,US
Qualtrics,Singapore,SG
Qualtrics,Seoul,KR
Qualtrics,Chicago,US
Qualtrics,Munich,DE
Qualtrics,Madrid,ES
Qualtrics,Washington,US
Qualtrics,Paris,FR
carsales,Melbourne,AU
carsales,Sydney,AU
carsales,Brisbane,AU
carsales,Perth,AU
carsales,Adelaide,AU
carsales,Auckland,NZ
Insights,Dundee,GB
Insights,Austin,US
Insights,Vaughan,CA
Insights,Haarlem,NL
Insights,Paris,FR
Insights,Zug,CH
Insights,Brussels,BE
Insights,Berlin,DE
Insights,Lodz,PL
Insights,Sydney,AU
Insights,Singapore,SG
Insights,Madrid,ES
H&H Group,Quarry Bay,HK
H&H Group,Guangzhou,CN
H&H Group,Melbourne,AU
H&H Group,Levallois,FR
H&H Group,London,GB
H&H Group,Singapore,SG
H&H Group,Amsterdam,NL
H&H Group,Milan,IT
H&H Group,Ellerslie,NZ
H&H Group,Geneva,CH
H&H Group,Bengaluru,IN
H&H Group,Culver City,US
H&H Group,PATHUMWAN,TH
H&H Group,Dubai,AE
Mastercard,Purchase,US
Mastercard,Waterloo,BE
Mastercard,Singapore,SG
Mastercard,Dubai,AE
Mastercard,Miami,US
Mastercard,Wan Chai,HK
Mastercard,San Carlos,US
Mastercard,Toronto,CA
Mastercard,O'Fallon,US
Mastercard,Jakarta,ID
Mastercard,Sydney,AU
Mastercard,Athens,GR
Mastercard,Sathon,TH
Mastercard,Gurugram,IN
Mastercard,Sao Paulo,BR
Mastercard,Cuauhtemoc,MX
Mastercard,O'Fallon,US
Mastercard,Pune,IN
Mastercard,Prague 1,CZ
Mastercard,Boston,US
Mastercard,New York,US
Mastercard,Vancouver,CA
Mastercard,Downtown Core,SG
Mastercard,Lisbon,PT
Mastercard,Mumbai,IN
Mastercard,Bogota,CO
Mastercard,Cairo,EG
Mastercard,Riyadh,SA
Mastercard,Atlanta,US
Mastercard,Istanbul,TR
Mastercard,Almaty,KZ
Mastercard,Vienna,AT
Mastercard,Frankfurt,DE
Mastercard,Milan,IT
Mastercard,Warsaw,PL
Mastercard,Stockholm,SE
Mastercard,Fatih,TR
Mastercard,Miguel Hidalgo,MX
Mastercard,Amsterdam,NL
Mastercard,Chicago,US
Mastercard,Arlington,US
Prospa,Sydney,AU
Prospa,Takapuna,NZ
Nous Group,London,GB
Nous Group,Toronto,CA
Nous Group,Darwin City,AU
Nous Group,City,AU
Nous Group,Sydney,AU
Nous Group,Docklands,AU
Nous Group,Perth,AU
Nous Group,Brisbane,AU
Uber,San Francisco,US
Uber,Dallas,US
Uber,Amsterdam,NL
Uber,Tempe,US
Uber,Las Condes,CL
Uber,Chandigarh,IN
Uber,Santiago de Surco,PE
Uber,Palo Alto,US
Uber,Vienna,AT
Uber,Montevideo,UY
Uber,Chicago,US
Uber,Cuajimalpa de Morelos,MX
Uber,Melbourne,AU
Uber,Sydney,AU
Uber,Singapore,SG
Uber,Ottawa,CA
Uber,Ahmedabad,IN
Uber,Mandaluyong,PH
Uber,Cebu City,PH
Uber,Salvador,BR
Uber,La Calera,AR
Uber,Bengaluru,IN
Uber,New York,US
Uber,Seattle,US
Uber,Kuala Lumpur,MY
Intuit,Mountain View,US
Intuit,Edmonton,CA
Intuit,Singapore,SG
Intuit,San Diego,US
Intuit,Hod HaSharon,IL
Intuit,Woodland Hills,US
Intuit,São Paulo,BR
Intuit,Fredericksburg,US
Intuit,Reno,US
Intuit,Plano,US
Intuit,San Francisco,US
Intuit,Tucson,US
Intuit,Eagle,US
Intuit,Washington,US
Intuit,Sydney,AU
Intuit,Varthur Hobli,IN
Intuit,London,GB
Intuit,Paris,FR
Intuit,Mississauga,CA
Bristol Myers Squibb,Lawrence Township,US
Bristol Myers Squibb,上海,CN
Bristol Myers Squibb,New York,US
Bristol Myers Squibb,Atlanta,US
Bristol Myers Squibb,Braine-l'Alleud,BE
Bristol Myers Squibb,Munich,DE
Bristol Myers Squibb,Dublin,IE
Bristol Myers Squibb,Pennington,US
Bristol Myers Squibb,Devens,US
ServiceNow,Santa Clara,US
ServiceNow,Sydney,AU
ServiceNow,Melbourne,AU
ServiceNow,Staines,GB
ServiceNow,Amsterdam,NL
ServiceNow,Hyderabad,IN
ServiceNow,San Diego,US
ServiceNow,Kirkland,US
ServiceNow,Chicago,US
ServiceNow,Orlando,US
ServiceNow,Waltham,US
ServiceNow,Dublin,IE
ServiceNow,Tokyo,JP
ServiceNow,Singapore,SG
ServiceNow,Bangalore,IN
ServiceNow,Seoul,KR
PageGroup,London,GB
PageGroup,Birmingham,GB
PageGroup,Manchester,GB
PageGroup,Reading,GB
PageGroup,Bristol,GB
PageGroup,Addlestone,GB
PageGroup,Nottingham,GB
PageGroup,St. Albans,GB
PageGroup,Guildford,GB
PageGroup,Sheffield,GB
PageGroup,London,GB
PageGroup,Milton Keynes,GB
PageGroup,Cardiff,GB
PageGroup,Dublin,IE
PageGroup,Edinburgh,GB
PageGroup,Glasgow,GB
PageGroup,Neuilly-sur-Seine,FR
PageGroup,New York,US
PageGroup,Los Angeles,US
PageGroup,Chicago,US
PageGroup,Houston,US
PageGroup,Boston,US
PageGroup,Philadelphia,US
PageGroup,Iselin,US
PageGroup,Toronto,CA
PageGroup,Montreal,CA
PageGroup,Paris,FR
PageGroup,Marseille,FR
PageGroup,Toulouse,FR
PageGroup,Lille,FR
PageGroup,Nantes,FR
PageGroup,Lyon,FR
PageGroup,Strasbourg,FR
PageGroup,Orléans,FR
PageGroup,Bordeaux,FR
PageGroup,Lisbon,PT
PageGroup,Madrid,ES
PageGroup,Sant Joan Despí,ES
PageGroup,Valencia,ES
PageGroup,Bilbao,ES
PageGroup,Düsseldorf,DE
PageGroup,Frankfurt,DE
PageGroup,Hamburg,DE
PageGroup,Munich,DE
PageGroup,Stuttgart,DE
PageGroup,Berlin,DE
PageGroup,Cologne,DE
PageGroup,Ixelles,BE
PageGroup,Antwerp,BE
PageGroup,Amsterdam,NL
PageGroup,Rotterdam,NL
PageGroup,Utrecht,NL
PageGroup,Tilburg,NL
PageGroup,Vienna,AT
PageGroup,Geneva,CH
PageGroup,Zurich,CH
PageGroup,Warsaw,PL
PageGroup,Katowice,PL
PageGroup,Wrocław,PL
PageGroup,Milan,IT
PageGroup,Rome,IT
PageGroup,Turin,IT
PageGroup,Bologna,IT
PageGroup,Luxembourg,LU
PageGroup,Johannesburg,ZA
PageGroup,Singapore,SG
PageGroup,Kuala Lumpur,MY
PageGroup,Khlong Tan,TH
PageGroup,Sydney,AU
PageGroup,Melbourne,AU
PageGroup,Perth,AU
PageGroup,Brisbane,AU
PageGroup,Auckland,NZ
PageGroup,San Isidro,PE
PageGroup,Chapinero,CO
PageGroup,Sao Paulo,BR
PageGroup,Rio de Janeiro,BR
PageGroup,Chicago,US
PageGroup,Philadelphia,US
PageGroup,Boston,US
PageGroup,Casablanca 8,MA
PageGroup,İstanbul,TR
PageGroup,Stockholm,SE
PageGroup,Dubai International Financial Centre (DIFC),AE
PageGroup,Taipei City,TW
PageGroup,Doha,QA
PageGroup,Shanghai,CN
PageGroup,Admiralty,CN
PageGroup,Shenzhen,CN
PageGroup,Beijing,CN
PageGroup,DLF Cybercity,IN
PageGroup,Mumbai,IN
PageGroup,Jakarta,ID
PageGroup,Tokyo,JP
PageGroup,11000 México,MX
PageGroup,Ciudad de México,MX
PageGroup,Buenos Aires,AR
PageGroup,Santiago,CL
PageGroup,Guangzhou,CN
Atlassian,Sydney,AU
Atlassian,Amsterdam,NL
Atlassian,San Francisco,US
Atlassian,Austin,US
Atlassian,Mountain View,US
Atlassian,New York,US
Atlassian,Bengaluru,IN
Atlassian,Boston,US
Atlassian,Ankara,TR
Marriott International,Sydney,AU
DHL Supply Chain,Bonn,DE
DHL Supply Chain,Westerville,US
DHL Supply Chain,Central Milton Keynes,GB
DHL Supply Chain,Paya Lebar,SG
DHL Supply Chain,Cuautitlan,MX
DHL Supply Chain,Singapore,SG
Specsavers,Global,GB
Specsavers,Whiteley,GB
Specsavers,Nottingham,GB
Specsavers,Port Melbourne,AU
Specsavers,Auckland,NZ
Specsavers,Copenhagen,DK
Specsavers,Aalborg,DK
Specsavers,Gothenburg,SE
Capgemini,Paris,FR
Capgemini,Dubai,AE
Capgemini,Amsterdam,NL
Capgemini,Dallas,US
Capgemini,Melbourne,AU
Capgemini,Apeldoorn,NL
Capgemini,Bloomfield,US
Capgemini,Atlanta,US
Capgemini,South San Francisco,US
Capgemini,Toulouse,FR
Capgemini,Charlotte,US
Capgemini,Utrecht,NL
Capgemini,Chicago,US
Capgemini,Singapore,SG
Capgemini,Sydney,AU
Capgemini,Jersey City,US
Capgemini,New York,US
Capgemini,Bengaluru,IN
Capgemini,Bromma,SE
Capgemini,Mulshi,IN
Capgemini,Buenos Aires City,AR
Capgemini,Porto Alegre,BR
Capgemini,Chiyoda City,JP
Capgemini,London,GB
Capgemini,Cairo Festival City,EG
