Industry,Keyword,Count
Staffing and Recruiting,recruitment,21
Staffing and Recruiting,sales,9
Staffing and Recruiting,jobs,8
Staffing and Recruiting,marketing,5
Staffing and Recruiting,contract,5
Staffing and Recruiting,it,4
Staffing and Recruiting,services,4
Staffing and Recruiting,business,4
Staffing and Recruiting,support,4
Staffing and Recruiting,legal,3
Staffing and Recruiting,finance,3
Staffing and Recruiting,government,2
Staffing and Recruiting,digital,2
Staffing and Recruiting,communications,2
Staffing and Recruiting,construction,2
Staffing and Recruiting,hiring,2
Staffing and Recruiting,development,2
Staffing and Recruiting,tech,2
Staffing and Recruiting,industrial,2
Staffing and Recruiting,accounting,2
Staffing and Recruiting,agency,2
Staffing and Recruiting,staffing,2
Staffing and Recruiting,employment,2
Staffing and Recruiting,talent,2
Staffing and Recruiting,permanent,2
Staffing and Recruiting,affairs,2
Staffing and Recruiting,search,2
Staffing and Recruiting,net,1
Staffing and Recruiting,0007,1
Staffing and Recruiting,scheme,1
Staffing and Recruiting,project,1
Staffing and Recruiting,technology,1
Staffing and Recruiting,analysis,1
Staffing and Recruiting,financial,1
Staffing and Recruiting,compliance,1
Staffing and Recruiting,property,1
Staffing and Recruiting,telecommunications,1
Staffing and Recruiting,accountancy,1
Staffing and Recruiting,professional,1
Staffing and Recruiting,human,1
Staffing and Recruiting,resources,1
Staffing and Recruiting,technical,1
Staffing and Recruiting,supply,1
Staffing and Recruiting,chain,1
Staffing and Recruiting,retail,1
Staffing and Recruiting,hospitality,1
Staffing and Recruiting,energy,1
Staffing and Recruiting,management,1
Staffing and Recruiting,consultancy,1
Staffing and Recruiting,contact,1
Staffing and Recruiting,centre,1
Staffing and Recruiting,associations,1
Staffing and Recruiting,memberships,1
Staffing and Recruiting,not,1
Staffing and Recruiting,profit,1
Staffing and Recruiting,education,1
Staffing and Recruiting,health,1
Staffing and Recruiting,social,1
Staffing and Recruiting,care,1
Staffing and Recruiting,headhunting,1
Staffing and Recruiting,employee,1
Staffing and Recruiting,experience,1
Staffing and Recruiting,career,1
Staffing and Recruiting,training,1
Staffing and Recruiting,saas,1
Staffing and Recruiting,fintech,1
Staffing and Recruiting,ecommerce,1
Staffing and Recruiting,civil,1
Staffing and Recruiting,rail,1
Staffing and Recruiting,food,1
Staffing and Recruiting,industry,1
Staffing and Recruiting,heavy,1
Staffing and Recruiting,administration,1
Staffing and Recruiting,consulting,1
Staffing and Recruiting,administrative,1
Staffing and Recruiting,creative,1
Staffing and Recruiting,professionals,1
Staffing and Recruiting,solutions,1
Staffing and Recruiting,placement,1
Staffing and Recruiting,customer,1
Staffing and Recruiting,temporary,1
Staffing and Recruiting,staff,1
Staffing and Recruiting,affiliates,1
Staffing and Recruiting,recruiter,1
Staffing and Recruiting,pharmaceutical,1
Staffing and Recruiting,clinical,1
Staffing and Recruiting,research,1
Staffing and Recruiting,medical,1
Staffing and Recruiting,drug,1
Staffing and Recruiting,safety,1
Staffing and Recruiting,pharmacovigilance,1
Staffing and Recruiting,regulatory,1
Staffing and Recruiting,quality,1
Staffing and Recruiting,assurance,1
Staffing and Recruiting,qualified,1
Staffing and Recruiting,person,1
Staffing and Recruiting,executive,1
Staffing and Recruiting,retained,1
Staffing and Recruiting,freelance,1
Staffing and Recruiting,medcomms,1
Business Consulting and Services,services,7
Business Consulting and Services,technology,6
Business Consulting and Services,strategy,6
Business Consulting and Services,transformation,6
Business Consulting and Services,management,5
Business Consulting and Services,digital,5
Business Consulting and Services,risk,5
Business Consulting and Services,planning,4
Business Consulting and Services,business,4
Business Consulting and Services,project,4
Business Consulting and Services,analytics,4
Business Consulting and Services,medical,3
Business Consulting and Services,marketing,3
Business Consulting and Services,integration,3
Business Consulting and Services,data,3
Business Consulting and Services,affairs,2
Business Consulting and Services,consulting,2
Business Consulting and Services,procurement,2
Business Consulting and Services,architecture,2
Business Consulting and Services,security,2
Business Consulting and Services,enterprise,2
Business Consulting and Services,sustainability,2
Business Consulting and Services,reporting,2
Business Consulting and Services,audit,2
Business Consulting and Services,assurance,2
Business Consulting and Services,media,2
Business Consulting and Services,websites,2
Business Consulting and Services,design,2
Business Consulting and Services,crm,2
Business Consulting and Services,financial,2
Business Consulting and Services,consumer,2
Business Consulting and Services,products,2
Business Consulting and Services,retail,2
Business Consulting and Services,energy,2
Business Consulting and Services,resources,2
Business Consulting and Services,government,2
Business Consulting and Services,public,2
Business Consulting and Services,ai,2
Business Consulting and Services,advisory,2
Business Consulting and Services,organisational,2
Business Consulting and Services,bi,2
Business Consulting and Services,performance,2
Business Consulting and Services,social,2
Business Consulting and Services,pharmaceutical,1
Business Consulting and Services,industry,1
Business Consulting and Services,ivd,1
Business Consulting and Services,clinical,1
Business Consulting and Services,quality,1
Business Consulting and Services,digitalization,1
Business Consulting and Services,unternehmensberatung,1
Business Consulting and Services,pharma,1
Business Consulting and Services,medtech,1
Business Consulting and Services,device,1
Business Consulting and Services,pharmazie,1
Business Consulting and Services,finance,1
Business Consulting and Services,acccounting,1
Business Consulting and Services,information,1
Business Consulting and Services,cybersecurity,1
Business Consulting and Services,governance,1
Business Consulting and Services,compliance,1
Business Consulting and Services,assessments,1
Business Consulting and Services,green,1
Business Consulting and Services,strategic,1
Business Consulting and Services,communications,1
Business Consulting and Services,employee,1
Business Consulting and Services,engagement,1
Business Consulting and Services,training,1
Business Consulting and Services,facilitation,1
Business Consulting and Services,pmo,1
Business Consulting and Services,automation,1
Business Consulting and Services,lead,1
Business Consulting and Services,generation,1
Business Consulting and Services,advertising,1
Business Consulting and Services,ux,1
Business Consulting and Services,ui,1
Business Consulting and Services,prototyping,1
Business Consulting and Services,systems,1
Business Consulting and Services,ecommerce,1
Business Consulting and Services,bespoke,1
Business Consulting and Services,speciality,1
Business Consulting and Services,custom,1
Business Consulting and Services,user,1
Business Consulting and Services,centred,1
Business Consulting and Services,tech,1
Business Consulting and Services,stack,1
Business Consulting and Services,being,1
Business Consulting and Services,generally,1
Business Consulting and Services,awesome,1
Business Consulting and Services,nice,1
Business Consulting and Services,everyone,1
Business Consulting and Services,sales,1
Business Consulting and Services,alignment,1
Business Consulting and Services,hubspot,1
Business Consulting and Services,specialist,1
Business Consulting and Services,migrations,1
Business Consulting and Services,revops,1
Business Consulting and Services,climate,1
Business Consulting and Services,sector,1
Business Consulting and Services,pharmaceuticals,1
Business Consulting and Services,life,1
Information Technology and Services,management,11
Information Technology and Services,development,10
Information Technology and Services,microsoft,7
Information Technology and Services,project,6
Information Technology and Services,software,6
Information Technology and Services,business,5
Information Technology and Services,it,5
Information Technology and Services,consulting,5
Information Technology and Services,strategy,5
Information Technology and Services,experience,5
Information Technology and Services,data,5
Information Technology and Services,product,5
Information Technology and Services,engagement,5
Information Technology and Services,cloud,4
Information Technology and Services,services,4
Information Technology and Services,managed,4
Information Technology and Services,user,3
Information Technology and Services,design,3
Information Technology and Services,collaboration,3
Information Technology and Services,virtual,3
Information Technology and Services,customer,3
Information Technology and Services,analytics,3
Information Technology and Services,continuous,3
Information Technology and Services,mobile,3
Information Technology and Services,communications,3
Information Technology and Services,infrastructure,3
Information Technology and Services,reality,3
Information Technology and Services,enterprise,3
Information Technology and Services,learning,3
Information Technology and Services,salesforce,2
Information Technology and Services,training,2
Information Technology and Services,dynamics,2
Information Technology and Services,transformation,2
Information Technology and Services,technology,2
Information Technology and Services,governance,2
Information Technology and Services,solution,2
Information Technology and Services,architecture,2
Information Technology and Services,process,2
Information Technology and Services,security,2
Information Technology and Services,workplace,2
Information Technology and Services,unified,2
Information Technology and Services,agile,2
Information Technology and Services,innovation,2
Information Technology and Services,delivery,2
Information Technology and Services,community,2
Information Technology and Services,marketing,2
Information Technology and Services,writing,2
Information Technology and Services,government,2
Information Technology and Services,public,2
Information Technology and Services,social,2
Information Technology and Services,video,2
Information Technology and Services,participation,2
Information Technology and Services,change,2
Information Technology and Services,power,2
Information Technology and Services,telecom,2
Information Technology and Services,expense,2
Information Technology and Services,rfps,2
Information Technology and Services,contracts,2
Information Technology and Services,mobility,2
Information Technology and Services,realtime,2
Information Technology and Services,big,2
Information Technology and Services,machine,2
Information Technology and Services,search,2
Information Technology and Services,adoption,1
Information Technology and Services,instructional,1
Information Technology and Services,computing,1
Information Technology and Services,advisory,1
Information Technology and Services,analysis,1
Information Technology and Services,hybrid,1
Information Technology and Services,modern,1
Information Technology and Services,communication,1
Information Technology and Services,remote,1
Information Technology and Services,work,1
Information Technology and Services,desktop,1
Information Technology and Services,as,1
Information Technology and Services,service,1
Information Technology and Services,scrum,1
Information Technology and Services,xp,1
Information Technology and Services,lean,1
Information Technology and Services,retail,1
Information Technology and Services,science,1
Information Technology and Services,open,1
Information Technology and Services,source,1
Information Technology and Services,communities,1
Information Technology and Services,tools,1
Information Technology and Services,ai,1
Information Technology and Services,platforms,1
Information Technology and Services,products,1
Information Technology and Services,defined,1
Information Technology and Services,vehicles,1
Information Technology and Services,engineering,1
Information Technology and Services,net,1
Information Technology and Services,consultancy,1
Information Technology and Services,minimum,1
Information Technology and Services,viable,1
Information Technology and Services,feature,1
Information Technology and Services,azure,1
Information Technology and Services,application,1
Information Technology and Services,major,1
Information Technology and Services,consultation,1
Medical Equipment Manufacturing,medical,3
Medical Equipment Manufacturing,device,2
Medical Equipment Manufacturing,corneal,2
Medical Equipment Manufacturing,supplies,2
Medical Equipment Manufacturing,glaucoma,1
Medical Equipment Manufacturing,migs,1
Medical Equipment Manufacturing,keratoconus,1
Medical Equipment Manufacturing,crosslinking,1
Medical Equipment Manufacturing,ophthalmic,1
Medical Equipment Manufacturing,health,1
Medical Equipment Manufacturing,retina,1
Medical Equipment Manufacturing,pharmaceuticals,1
Medical Equipment Manufacturing,dental,1
Oil and Gas,hydraulic,2
Oil and Gas,quick,2
Oil and Gas,couplers,2
Oil and Gas,wellsite,1
Oil and Gas,geological,1
Oil and Gas,supervision,1
Oil and Gas,operations,1
Oil and Gas,project,1
Oil and Gas,management,1
Oil and Gas,remote,1
Oil and Gas,onsite,1
Oil and Gas,geosteering,1
Oil and Gas,reservoir,1
Oil and Gas,evaluation,1
Oil and Gas,excavator,1
Oil and Gas,attachments,1
Oil and Gas,construction,1
Oil and Gas,equipment,1
Oil and Gas,tilting,1
Hospitals and Health Care,dentistry,3
Hospitals and Health Care,therapy,3
Hospitals and Health Care,music,2
Hospitals and Health Care,cosmetic,1
Hospitals and Health Care,general,1
Hospitals and Health Care,family,1
Hospitals and Health Care,orthodontics,1
Hospitals and Health Care,physiotherapy,1
Hospitals and Health Care,occupational,1
Hospitals and Health Care,speech,1
Hospitals and Health Care,pathology,1
Hospitals and Health Care,psychology,1
Hospitals and Health Care,exercise,1
Hospitals and Health Care,physiology,1
Hospitals and Health Care,dietetics,1
Hospitals and Health Care,remedial,1
Hospitals and Health Care,massage,1
Hospitals and Health Care,neuro,1
Hospitals and Health Care,injuries,1
Hospitals and Health Care,conditions,1
Hospitals and Health Care,ndis,1
Hospitals and Health Care,rehabilitation,1
Hospitals and Health Care,vernetzung,1
Hospitals and Health Care,startups,1
Hospitals and Health Care,plattform,1
Software Development,management,35
Software Development,data,24
Software Development,software,16
Software Development,cloud,12
Software Development,development,10
Software Development,marketing,9
Software Development,enterprise,8
Software Development,business,7
Software Development,security,7
Software Development,experience,7
Software Development,online,7
Software Development,sharepoint,7
Software Development,governance,6
Software Development,wiki,6
Software Development,law,6
Software Development,app,5
Software Development,product,5
Software Development,unified,5
Software Development,mobile,5
Software Development,protection,5
Software Development,integration,5
Software Development,virtualization,5
Software Development,service,5
Software Development,computing,5
Software Development,365,5
Software Development,legal,5
Software Development,intelligence,4
Software Development,design,4
Software Development,technology,4
Software Development,digital,4
Software Development,communication,4
Software Development,collaboration,4
Software Development,customer,4
Software Development,tracker,4
Software Development,migration,4
Software Development,office,4
Software Development,platform,4
Software Development,feedback,4
Software Development,artificial,3
Software Development,it,3
Software Development,endpoint,3
Software Development,web,3
Software Development,b2b,3
Software Development,filing,3
Software Development,apps,3
Software Development,project,3
Software Development,tracking,3
Software Development,reporting,3
Software Development,microsoft,3
Software Development,commercial,3
Software Development,consulting,2
Software Development,email,2
Software Development,application,2
Software Development,event,2
Software Development,identity,2
Software Development,process,2
Software Development,delivery,2
Software Development,creative,2
Software Development,media,2
Software Development,analytics,2
Software Development,social,2
Software Development,job,2
Software Development,time,2
Software Development,innovation,2
Software Development,internet,2
Software Development,advertising,2
Software Development,consumer,2
Software Development,networking,2
Software Development,wireless,2
Software Development,center,2
Software Development,systems,2
Software Development,observability,2
Software Development,bug,2
Software Development,issue,2
Software Development,corporate,2
Software Development,team,2
Software Development,downtime,2
Software Development,analysis,2
Software Development,survey,2
Software Development,dashboards,2
Software Development,saas,2
Software Development,market,2
Software Development,research,2
Software Development,builders,2
Software Development,hybrid,2
Software Development,linux,2
Software Development,open,2
Software Development,source,2
Software Development,storage,2
Software Development,middleware,2
Software Development,containers,2
Software Development,openstack,2
Software Development,estate,2
Software Development,workflows,2
Software Development,work,2
Software Development,virtual,2
Software Development,brand,2
Software Development,video,2
Software Development,ticketing,2
Software Development,access,2
Construction,home,2
Construction,land,2
Construction,handrails,1
Construction,balustrades,1
Construction,modular,1
Construction,custom,1
Construction,built,1
Construction,noweld,1
Construction,project,1
Construction,management,1
Construction,supply,1
Construction,installation,1
Construction,design,1
Construction,packages,1
Construction,new,1
Construction,designs,1
Construction,estates,1
Construction,knock,1
Construction,down,1
Construction,rebuild,1
Construction,loan,1
Construction,studio,1
Construction,waterproofing,1
Construction,all,1
Construction,kinds,1
Construction,roofs,1
Desktop Computing Software Products,carbon,8
Desktop Computing Software Products,zero,6
Desktop Computing Software Products,sustainable,6
Desktop Computing Software Products,net,5
Desktop Computing Software Products,life,4
Desktop Computing Software Products,cycle,3
Desktop Computing Software Products,lca,3
Desktop Computing Software Products,building,3
Desktop Computing Software Products,reporting,3
Desktop Computing Software Products,software,2
Desktop Computing Software Products,construction,2
Desktop Computing Software Products,infrastructure,2
Desktop Computing Software Products,design,2
Desktop Computing Software Products,green,2
Desktop Computing Software Products,tool,2
Desktop Computing Software Products,assessment,1
Desktop Computing Software Products,costing,1
Desktop Computing Software Products,whole,1
Desktop Computing Software Products,emissions,1
Desktop Computing Software Products,homes,1
Desktop Computing Software Products,strategy,1
Desktop Computing Software Products,footprint,1
Desktop Computing Software Products,management,1
Desktop Computing Software Products,star,1
Desktop Computing Software Products,isc,1
Desktop Computing Software Products,pas,1
Desktop Computing Software Products,2080,1
Desktop Computing Software Products,rics,1
Desktop Computing Software Products,breeam,1
Desktop Computing Software Products,leed,1
Desktop Computing Software Products,embodied,1
Desktop Computing Software Products,operational,1
Desktop Computing Software Products,bim,1
Desktop Computing Software Products,gla,1
Desktop Computing Software Products,ghg,1
Defense and Space Manufacturing,electronic,1
Defense and Space Manufacturing,warfare,1
Defense and Space Manufacturing,defence,1
Defense and Space Manufacturing,space,1
Internet Publishing,it,12
Internet Publishing,managed,6
Internet Publishing,services,6
Internet Publishing,consulting,6
Internet Publishing,cloud,4
Internet Publishing,cyber,4
Internet Publishing,security,4
Internet Publishing,microsoft,4
Internet Publishing,infrastructure,2
Internet Publishing,systems,2
Internet Publishing,integration,2
Internet Publishing,outsourcing,2
Internet Publishing,support,2
Internet Publishing,professional,2
Internet Publishing,strategy,2
Internet Publishing,backup,2
Internet Publishing,disaster,2
Internet Publishing,recovery,2
Internet Publishing,mssp,2
Internet Publishing,solution,2
Internet Publishing,partner,2
Internet Publishing,copilot,2
Internet Publishing,365,2
Education Management,education,3
Education Management,australian,2
Education Management,consultant,2
Education Management,practical,1
Education Management,industry,1
Education Management,experience,1
Education Management,connection,1
Education Management,employment,1
Education Management,or,1
Education Management,study,1
Education Management,life,1
Education Management,visa,1
Education Management,consultancy,1
Education Management,skilled,1
Education Management,migration,1
Education Management,immigration,1
IT Services and IT Consulting,it,15
IT Services and IT Consulting,cloud,14
IT Services and IT Consulting,management,12
IT Services and IT Consulting,services,10
IT Services and IT Consulting,software,9
IT Services and IT Consulting,consulting,9
IT Services and IT Consulting,data,9
IT Services and IT Consulting,security,8
IT Services and IT Consulting,digital,8
IT Services and IT Consulting,solutions,7
IT Services and IT Consulting,hosting,6
IT Services and IT Consulting,development,6
IT Services and IT Consulting,microsoft,5
IT Services and IT Consulting,technology,5
IT Services and IT Consulting,managed,4
IT Services and IT Consulting,business,4
IT Services and IT Consulting,application,4
IT Services and IT Consulting,artificial,3
IT Services and IT Consulting,intelligence,3
IT Services and IT Consulting,computing,3
IT Services and IT Consulting,mobility,3
IT Services and IT Consulting,asset,3
IT Services and IT Consulting,enterprise,3
IT Services and IT Consulting,recruitment,3
IT Services and IT Consulting,global,3
IT Services and IT Consulting,support,2
IT Services and IT Consulting,networking,2
IT Services and IT Consulting,service,2
IT Services and IT Consulting,network,2
IT Services and IT Consulting,optimization,2
IT Services and IT Consulting,procurement,2
IT Services and IT Consulting,innovation,2
IT Services and IT Consulting,ecommerce,2
IT Services and IT Consulting,critical,2
IT Services and IT Consulting,saas,2
IT Services and IT Consulting,private,2
IT Services and IT Consulting,cyber,2
IT Services and IT Consulting,outsystems,2
IT Services and IT Consulting,mobile,2
IT Services and IT Consulting,experience,2
IT Services and IT Consulting,design,2
IT Services and IT Consulting,applications,2
IT Services and IT Consulting,custom,2
IT Services and IT Consulting,operational,2
IT Services and IT Consulting,integration,2
IT Services and IT Consulting,rooms,2
IT Services and IT Consulting,venture,2
IT Services and IT Consulting,capital,2
IT Services and IT Consulting,expansion,2
IT Services and IT Consulting,outsourcing,2
IT Services and IT Consulting,solution,2
IT Services and IT Consulting,up,2
IT Services and IT Consulting,vmware,1
IT Services and IT Consulting,symantec,1
IT Services and IT Consulting,ibm,1
IT Services and IT Consulting,hp,1
IT Services and IT Consulting,dell,1
IT Services and IT Consulting,aws,1
IT Services and IT Consulting,csp,1
IT Services and IT Consulting,telecommunications,1
IT Services and IT Consulting,teams,1
IT Services and IT Consulting,telephony,1
IT Services and IT Consulting,hosted,1
IT Services and IT Consulting,pbx,1
IT Services and IT Consulting,virtualisation,1
IT Services and IT Consulting,desktop,1
IT Services and IT Consulting,azure,1
IT Services and IT Consulting,strategy,1
IT Services and IT Consulting,vcio,1
IT Services and IT Consulting,provider,1
IT Services and IT Consulting,center,1
IT Services and IT Consulting,unified,1
IT Services and IT Consulting,communication,1
IT Services and IT Consulting,collaboration,1
IT Services and IT Consulting,protection,1
IT Services and IT Consulting,office,1
IT Services and IT Consulting,productivity,1
IT Services and IT Consulting,k12,1
IT Services and IT Consulting,disposal,1
IT Services and IT Consulting,healthcare,1
IT Services and IT Consulting,innvoation,1
IT Services and IT Consulting,supply,1
IT Services and IT Consulting,chain,1
IT Services and IT Consulting,connected,1
IT Services and IT Consulting,workforce,1
IT Services and IT Consulting,products,1
IT Services and IT Consulting,licensing,1
IT Services and IT Consulting,intelligent,1
IT Services and IT Consulting,server,1
IT Services and IT Consulting,pci,1
IT Services and IT Consulting,compliance,1
IT Services and IT Consulting,australian,1
IT Services and IT Consulting,centre,1
IT Services and IT Consulting,mission,1
IT Services and IT Consulting,nbn,1
IT Services and IT Consulting,colocation,1
IT Services and IT Consulting,australia,1
IT Services and IT Consulting,hybrid,1
IT Services and IT Consulting,continuity,1
IT Services and IT Consulting,low,1
Real Estate,office,3
Real Estate,community,2
Real Estate,shared,2
Real Estate,business,2
Real Estate,hospitality,2
Real Estate,work,2
Real Estate,coworking,1
Real Estate,space,1
Real Estate,commercial,1
Real Estate,real,1
Real Estate,estate,1
Real Estate,spaces,1
Real Estate,meetings,1
Real Estate,events,1
Real Estate,memberships,1
Real Estate,workspaces,1
Real Estate,small,1
Real Estate,project,1
Real Estate,teams,1
Real Estate,entrepreneurs,1
Real Estate,customer,1
Real Estate,service,1
Real Estate,australian,1
Real Estate,owned,1
Real Estate,future,1
Real Estate,hybrid,1
Real Estate,serviced,1
Real Estate,offices,1
Real Estate,virtual,1
Real Estate,corporate,1
Real Estate,solutions,1
Real Estate,landlord,1
Real Estate,partnerships,1
Real Estate,property,1
Real Estate,development,1
Biotechnology Research,assembly,2
Biotechnology Research,genome,1
Biotechnology Research,genomics,1
Biotechnology Research,de,1
Biotechnology Research,novo,1
Biotechnology Research,scaffolding,1
Biotechnology Research,proximity,1
Biotechnology Research,ligation,1
Biotechnology Research,gap,1
Biotechnology Research,filling,1
Biotechnology Research,hichip,1
Biotechnology Research,microc,1
Biotechnology Research,epigenetics,1
Biotechnology Research,chipseq,1
Biotechnology Research,chromatin,1
Biotechnology Research,topology,1
Biotechnology Research,3d,1
Biotechnology Research,chromosome,1
Biotechnology Research,architecture,1
Advertising Services,digital,6
Advertising Services,strategy,6
Advertising Services,media,5
Advertising Services,marketing,5
Advertising Services,buying,3
Advertising Services,advertising,3
Advertising Services,development,3
Advertising Services,search,3
Advertising Services,optimisation,3
Advertising Services,content,3
Advertising Services,video,2
Advertising Services,production,2
Advertising Services,planning,2
Advertising Services,design,2
Advertising Services,data,2
Advertising Services,social,2
Advertising Services,engine,2
Advertising Services,brand,2
Advertising Services,consulting,2
Advertising Services,programmatic,2
Advertising Services,pr,2
Advertising Services,management,2
Advertising Services,graphic,1
Advertising Services,writing,1
Advertising Services,science,1
Advertising Services,insight,1
Advertising Services,cmo,1
Advertising Services,martech,1
Advertising Services,technology,1
Advertising Services,lead,1
Advertising Services,generation,1
Advertising Services,full,1
Advertising Services,stack,1
Advertising Services,web,1
Advertising Services,sustainability,1
Advertising Services,public,1
Advertising Services,relations,1
Advertising Services,channel,1
Advertising Services,market,1
Advertising Services,research,1
Advertising Services,consumer,1
Advertising Services,profiling,1
Advertising Services,u2013,1
Advertising Services,measurement,1
Advertising Services,creation,1
Advertising Services,creative,1
Advertising Services,performance,1
Advertising Services,sponsorships,1
Advertising Services,event,1
Advertising Services,seo,1
Advertising Services,analysis,1
Advertising Services,ppc,1
Advertising Services,conversion,1
Advertising Services,attribution,1
Advertising Services,native,1
Advertising Services,ecommerce,1
Advertising Services,partner,1
Pharmaceutical Manufacturing,biotechnology,3
Pharmaceutical Manufacturing,innovation,3
Pharmaceutical Manufacturing,research,3
Pharmaceutical Manufacturing,development,3
Pharmaceutical Manufacturing,pharmaceuticals,3
Pharmaceutical Manufacturing,great,2
Pharmaceutical Manufacturing,place,2
Pharmaceutical Manufacturing,work,2
Pharmaceutical Manufacturing,healthcare,2
Pharmaceutical Manufacturing,biopharmaceutical,1
Pharmaceutical Manufacturing,manufacturing,1
Pharmaceutical Manufacturing,biotherapeutics,1
Pharmaceutical Manufacturing,oncology,1
Pharmaceutical Manufacturing,immunology,1
Pharmaceutical Manufacturing,virology,1
Pharmaceutical Manufacturing,neuroscience,1
Pharmaceutical Manufacturing,womens,1
Pharmaceutical Manufacturing,health,1
Pharmaceutical Manufacturing,aesthetics,1
Pharmaceutical Manufacturing,eye,1
Pharmaceutical Manufacturing,care,1
Pharmaceutical Manufacturing,insulin,1
Pharmaceutical Manufacturing,obesity,1
Pharmaceutical Manufacturing,rare,1
Pharmaceutical Manufacturing,diseases,1
Pharmaceutical Manufacturing,diabetes,1
"Leisure, Travel & Tourism",travel,1
"Leisure, Travel & Tourism",leisure,1
"Leisure, Travel & Tourism",cruise,1
"Leisure, Travel & Tourism",ships,1
"Leisure, Travel & Tourism",hospitality,1
"Leisure, Travel & Tourism",casino,1
"Leisure, Travel & Tourism",food,1
"Leisure, Travel & Tourism",beverage,1
"Leisure, Travel & Tourism",restaurants,1
"Leisure, Travel & Tourism",bars,1
"Leisure, Travel & Tourism",entertainment,1
"Leisure, Travel & Tourism",holidays,1
"Leisure, Travel & Tourism",diversity,1
Manufacturing,food,1
Manufacturing,production,1
Manufacturing,marketing,1
Manufacturing,consumer,1
Manufacturing,packaged,1
Manufacturing,goods,1
Manufacturing,cpg,1
Telecommunications,data,14
Telecommunications,centres,11
Telecommunications,business,3
Telecommunications,hosted,3
Telecommunications,telephony,3
Telecommunications,communications,3
Telecommunications,ip,2
Telecommunications,centre,2
Telecommunications,nbn,2
Telecommunications,cloud,2
Telecommunications,hyperscale,2
Telecommunications,japan,2
Telecommunications,asia,2
Telecommunications,pacific,2
Telecommunications,centers,2
Telecommunications,digital,2
Telecommunications,infrastructure,2
Telecommunications,internet,1
Telecommunications,private,1
Telecommunications,networking,1
Telecommunications,broadband,1
Telecommunications,telepresence,1
Telecommunications,video,1
Telecommunications,conferencing,1
Telecommunications,voice,1
Telecommunications,fixed,1
Telecommunications,phone,1
Telecommunications,colocation,1
Telecommunications,mobile,1
Telecommunications,phones,1
Telecommunications,call,1
Telecommunications,unified,1
Telecommunications,ericssonlg,1
Telecommunications,uc,1
Telecommunications,ucaas,1
Telecommunications,telecommunication,1
Telecommunications,telecoms,1
Telecommunications,social,1
Telecommunications,wifi,1
Telecommunications,applications,1
Telecommunications,australian,1
Telecommunications,hong,1
Telecommunications,kong,1
Telecommunications,malaysia,1
Telecommunications,singapore,1
Telecommunications,apac,1
Telecommunications,sustainable,1
Telecommunications,critical,1
Retail,nutrition,10
Retail,baby,6
Retail,care,6
Retail,health,4
Retail,infant,4
Retail,childrens,4
Retail,wellness,4
Retail,beauty,2
Retail,adult,2
Retail,skincare,2
Retail,food,2
Retail,probiotics,2
Retail,consumer,2
Retail,goods,2
Retail,vitamins,2
Retail,supplements,2
Retail,personal,2
Retail,milk,2
Retail,formula,2
Retail,products,2
Retail,snacks,2
Retail,fmcg,2
Retail,organic,2
Retail,sustainability,2
Retail,uk,2
Retail,opticians,1
Retail,hearing,1
Retail,aid,1
Retail,dispensers,1
Retail,netherlands,1
Retail,domiciliary,1
Retail,eyecare,1
Retail,only,1
Retail,optometry,1
Retail,optometrists,1
Retail,it,1
Retail,technology,1
Retail,support,1
Retail,office,1
Retail,marketing,1
Retail,audiology,1
Law Practice,law,4
Law Practice,commercial,2
Law Practice,family,2
Law Practice,property,2
Law Practice,planning,2
Law Practice,residential,1
Law Practice,conveyancing,1
Law Practice,employment,1
Law Practice,whs,1
Law Practice,business,1
Law Practice,succession,1
Law Practice,debt,1
Law Practice,recovery,1
Law Practice,wills,1
Law Practice,estate,1
Law Practice,public,1
Law Practice,notary,1
Law Practice,services,1
Law Practice,intellectual,1
Law Practice,litigation,1
Law Practice,disputes,1
Law Practice,retirement,1
Law Practice,living,1
Law Practice,franchising,1
Law Practice,mediation,1
Law Practice,arbitration,1
Law Practice,taxation,1
Law Practice,superannuation,1
Law Practice,trusts,1
Law Practice,wind,1
Law Practice,solar,1
Law Practice,farming,1
Computer and Network Security,security,8
Computer and Network Security,prevention,5
Computer and Network Security,bot,5
Computer and Network Security,endpoint,3
Computer and Network Security,protection,3
Computer and Network Security,detection,3
Computer and Network Security,threat,3
Computer and Network Security,software,3
Computer and Network Security,response,2
Computer and Network Security,malware,2
Computer and Network Security,web,2
Computer and Network Security,automated,2
Computer and Network Security,mitigation,2
Computer and Network Security,application,2
Computer and Network Security,api,2
Computer and Network Security,nextgeneration,1
Computer and Network Security,next,1
Computer and Network Security,generation,1
Computer and Network Security,antivirus,1
Computer and Network Security,managed,1
Computer and Network Security,hunting,1
Computer and Network Security,incident,1
Computer and Network Security,intelligence,1
Computer and Network Security,machine,1
Computer and Network Security,learning,1
Computer and Network Security,clouddelivered,1
Computer and Network Security,attack,1
Computer and Network Security,mobile,1
Computer and Network Security,cybersecurity,1
Computer and Network Security,infosec,1
Computer and Network Security,management,1
Computer and Network Security,fraud,1
Computer and Network Security,defense,1
Computer and Network Security,enterprise,1
Computer and Network Security,website,1
Computer and Network Security,credential,1
Computer and Network Security,stuffing,1
Computer and Network Security,account,1
Computer and Network Security,takeover,1
Computer and Network Security,antibot,1
Food & Beverages,experience,3
Food & Beverages,food,2
Food & Beverages,ranges,2
Food & Beverages,end,2
Food & Beverages,brewing,1
Food & Beverages,hospitality,1
Food & Beverages,lifestyle,1
Food & Beverages,exceptional,1
Food & Beverages,beer,1
Food & Beverages,customer,1
Food & Beverages,employee,1
Food & Beverages,culture,1
Food & Beverages,social,1
Food & Beverages,environmental,1
Food & Beverages,responsibility,1
Food & Beverages,own,1
Food & Beverages,label,1
Food & Beverages,consultancy,1
Food & Beverages,international,1
Food & Beverages,management,1
Food & Beverages,chilled,1
Food & Beverages,frozen,1
Food & Beverages,ambient,1
Food & Beverages,product,1
Food & Beverages,25,1
Food & Beverages,years,1
Food & Beverages,award,1
Food & Beverages,winning,1
"Transportation, Logistics, Supply Chain and Storage",freight,4
"Transportation, Logistics, Supply Chain and Storage",world,3
"Transportation, Logistics, Supply Chain and Storage",leader,3
"Transportation, Logistics, Supply Chain and Storage",air,2
"Transportation, Logistics, Supply Chain and Storage",sea,2
"Transportation, Logistics, Supply Chain and Storage",logistics,2
"Transportation, Logistics, Supply Chain and Storage",project,1
"Transportation, Logistics, Supply Chain and Storage",cargo,1
"Transportation, Logistics, Supply Chain and Storage",specialist,1
"Transportation, Logistics, Supply Chain and Storage",contract,1
"Transportation, Logistics, Supply Chain and Storage",consolidator,1
"Transportation, Logistics, Supply Chain and Storage",vertical,1
"Transportation, Logistics, Supply Chain and Storage",market,1
"Transportation, Logistics, Supply Chain and Storage",specialists,1
"Transportation, Logistics, Supply Chain and Storage",importing,1
"Transportation, Logistics, Supply Chain and Storage",exporting,1
"Transportation, Logistics, Supply Chain and Storage",warehousing,1
"Transportation, Logistics, Supply Chain and Storage",distribution,1
"Transportation, Logistics, Supply Chain and Storage",projects,1
"Transportation, Logistics, Supply Chain and Storage",express,1
"Transportation, Logistics, Supply Chain and Storage",delivery,1
"Transportation, Logistics, Supply Chain and Storage",ecommerce,1
"Transportation, Logistics, Supply Chain and Storage",innovation,1
"Transportation, Logistics, Supply Chain and Storage",sustainability,1
"Transportation, Logistics, Supply Chain and Storage",technology,1
"Transportation, Logistics, Supply Chain and Storage",sme,1
"Transportation, Logistics, Supply Chain and Storage",csr,1
"Transportation, Logistics, Supply Chain and Storage",global,1
"Transportation, Logistics, Supply Chain and Storage",trade,1
"Technology, Information and Internet",media,2
"Technology, Information and Internet",digital,2
"Technology, Information and Internet",mobile,2
"Technology, Information and Internet",technology,2
"Technology, Information and Internet",online,1
"Technology, Information and Internet",property,1
"Technology, Information and Internet",marketplaces,1
"Technology, Information and Internet",data,1
"Technology, Information and Internet",insights,1
"Technology, Information and Internet",product,1
"Technology, Information and Internet",design,1
"Technology, Information and Internet",software,1
"Technology, Information and Internet",development,1
"Technology, Information and Internet",machine,1
"Technology, Information and Internet",learning,1
"Technology, Information and Internet",artificial,1
"Technology, Information and Internet",intelligence,1
"Technology, Information and Internet",transportation,1
"Technology, Information and Internet",logistics,1
Public Relations and Communications Services,pr,1
Public Relations and Communications Services,public,1
Public Relations and Communications Services,relations,1
Public Relations and Communications Services,marketing,1
Public Relations and Communications Services,sales,1
Public Relations and Communications Services,trade,1
Public Relations and Communications Services,representation,1
Public Relations and Communications Services,digital,1
Public Relations and Communications Services,amplification,1
Public Relations and Communications Services,experiential,1
Public Relations and Communications Services,events,1
Public Relations and Communications Services,crisis,1
Public Relations and Communications Services,communications,1
Public Relations and Communications Services,reputation,1
Public Relations and Communications Services,management,1
Public Relations and Communications Services,partnerships,1
Public Relations and Communications Services,influencer,1
Public Relations and Communications Services,engagement,1
Public Relations and Communications Services,media,1
Public Relations and Communications Services,buying,1
Public Relations and Communications Services,content,1
Public Relations and Communications Services,data,1
Public Relations and Communications Services,intelligence,1
Public Relations and Communications Services,design,1
Financial Services,finance,7
Financial Services,debt,3
Financial Services,senior,2
Financial Services,services,2
Financial Services,private,2
Financial Services,exchange,2
Financial Services,commercial,1
Financial Services,property,1
Financial Services,principal,1
Financial Services,investments,1
Financial Services,advisory,1
Financial Services,structured,1
Financial Services,mezzanine,1
Financial Services,funding,1
Financial Services,stretched,1
Financial Services,preferred,1
Financial Services,equity,1
Financial Services,development,1
Financial Services,construction,1
Financial Services,online,1
Financial Services,payments,1
Financial Services,ecommerce,1
Financial Services,retail,1
Financial Services,bnpl,1
Financial Services,financial,1
Financial Services,buy,1
Financial Services,now,1
Financial Services,pay,1
Financial Services,later,1
Financial Services,fintech,1
Financial Services,marketing,1
Financial Services,wealth,1
Financial Services,family,1
Financial Services,office,1
Financial Services,matching,1
Financial Services,engine,1
Financial Services,software,1
Financial Services,white,1
Financial Services,label,1
Financial Services,business,1
Hospitality,business,2
Hospitality,office,2
Hospitality,travel,2
Hospitality,services,1
Hospitality,entrepreneurship,1
Hospitality,events,1
Hospitality,coworking,1
Hospitality,community,1
Hospitality,private,1
Hospitality,flexible,1
Hospitality,space,1
Hospitality,meeting,1
Hospitality,rooms,1
Hospitality,shared,1
Hospitality,offices,1
Hospitality,cre,1
Hospitality,hospitality,1
Hospitality,lesiure,1
Hospitality,vacations,1
Hospitality,resorts,1
Marketing Services,design,3
Marketing Services,development,3
Marketing Services,digital,2
Marketing Services,print,2
Marketing Services,management,2
Marketing Services,social,2
Marketing Services,media,2
Marketing Services,strategy,2
Marketing Services,branding,1
Marketing Services,copywriting,1
Marketing Services,pr,1
Marketing Services,photography,1
Marketing Services,videography,1
Marketing Services,content,1
Marketing Services,brand,1
Marketing Services,studio,1
Marketing Services,graphic,1
Marketing Services,websites,1
Marketing Services,website,1
Marketing Services,marketing,1
Marketing Services,campaign,1
Marketing Services,consulting,1
Marketing Services,communication,1
Marketing Services,learning,1
Marketing Services,training,1
Marketing Services,mentoring,1
Marketing Services,coaching,1
Marketing Services,audio,1
Marketing Services,education,1
Marketing Services,elearning,1
Marketing Services,leadership,1
Professional Training and Coaching,development,4
Professional Training and Coaching,effectiveness,4
Professional Training and Coaching,training,3
Professional Training and Coaching,leadership,2
Professional Training and Coaching,team,2
Professional Training and Coaching,leading,2
Professional Training and Coaching,through,2
Professional Training and Coaching,change,2
Professional Training and Coaching,people,2
Professional Training and Coaching,maximising,2
Professional Training and Coaching,personal,2
Professional Training and Coaching,employee,2
Professional Training and Coaching,engagment,2
Professional Training and Coaching,first,2
Professional Training and Coaching,aid,2
Professional Training and Coaching,assessing,1
Professional Training and Coaching,cpr,1
Professional Training and Coaching,registered,1
Professional Training and Coaching,organisation,1
"Health, Wellness and Fitness",management,2
"Health, Wellness and Fitness",healthcare,1
"Health, Wellness and Fitness",injury,1
"Health, Wellness and Fitness",workplace,1
"Health, Wellness and Fitness",rehabilitation,1
"Health, Wellness and Fitness",exercise,1
"Health, Wellness and Fitness",physiology,1
"Health, Wellness and Fitness",chronic,1
"Health, Wellness and Fitness",disease,1
"Health, Wellness and Fitness",disability,1
"Health, Wellness and Fitness",services,1
Transportation/Trucking/Railroad,logistics,2
Transportation/Trucking/Railroad,warehousing,1
Transportation/Trucking/Railroad,3pl,1
Transportation/Trucking/Railroad,technology,1
Transportation/Trucking/Railroad,ecommerce,1
Individual and Family Services,ndis,2
Individual and Family Services,care,2
Individual and Family Services,innovative,2
Individual and Family Services,service,2
Individual and Family Services,niisq,1
Individual and Family Services,aged,1
Individual and Family Services,regional,1
Individual and Family Services,remote,1
Individual and Family Services,delivery,1
Individual and Family Services,hospital,1
Individual and Family Services,discharge,1
Individual and Family Services,coordination,1
Individual and Family Services,complex,1
Individual and Family Services,case,1
Individual and Family Services,management,1
Individual and Family Services,expert,1
Individual and Family Services,report,1
Individual and Family Services,writing,1
Individual and Family Services,solutions,1
Individual and Family Services,gaps,1
Individual and Family Services,specialist,1
Individual and Family Services,knowledge,1
Individual and Family Services,policies,1
Medical Devices,dental,2
Medical Devices,equipment,2
Medical Devices,consumables,1
Medical Devices,large,1
Medical Devices,small,1
Medical Devices,servicing,1
Medical Devices,continuing,1
Medical Devices,professional,1
Medical Devices,development,1
Truck Transportation,logistics,5
Truck Transportation,real,3
Truck Transportation,estate,3
Truck Transportation,supply,2
Truck Transportation,chain,2
Truck Transportation,service,2
Truck Transportation,packaging,2
Truck Transportation,management,1
Truck Transportation,consulting,1
Truck Transportation,contract,1
Truck Transportation,manufacture,1
Truck Transportation,warehousing,1
Truck Transportation,order,1
Truck Transportation,fulfillment,1
Truck Transportation,part,1
Truck Transportation,kitting,1
Truck Transportation,assembly,1
Truck Transportation,managed,1
Truck Transportation,transportation,1
Truck Transportation,reverse,1
Truck Transportation,inplant,1
Truck Transportation,environmental,1
Truck Transportation,compliance,1
Truck Transportation,automotive,1
Truck Transportation,technology,1
Truck Transportation,ecommerce,1
Truck Transportation,mcommerce,1
Truck Transportation,transport,1
Truck Transportation,fulfilment,1
Truck Transportation,commercial,1
Truck Transportation,trucking,1
Truck Transportation,two,1
Truck Transportation,man,1
Truck Transportation,home,1
Truck Transportation,delivery,1
Truck Transportation,distribution,1
Truck Transportation,center,1
Truck Transportation,mro,1
Truck Transportation,retail,1
Truck Transportation,consumer,1
Truck Transportation,energy,1
Truck Transportation,chemicals,1
Truck Transportation,manufacturing,1
Truck Transportation,engineering,1
Truck Transportation,healthcare,1
Truck Transportation,pharma,1
Truck Transportation,lifescience,1
Truck Transportation,clinical,1
Truck Transportation,trials,1
